{
  "n_atoms": 20,
  "x0": [
    [
      -3.701939821243286,
      0.6207718253135681,
      -0.2037675827741623
    ],
    [
      -2.269969940185547,
      0.7539994120597839,
      0.3276387155056
    ],
    [
      -2.057382822036743,
      1.4969031810760498,
      1.3195449113845825
    ],
    [
      -1.345384120941162,
      -0.059804096817970276,
      -0.36636388301849365
    ],
    [
      0.020890800282359123,
      -0.23788417875766754,
      -0.15175199508666992
    ],
    [
      0.7685697078704834,
      -1.1746867895126343,
      -0.9539902806282043
    ],
    [
      2.151757001876831,
      -1.1957457065582275,
      -0.7357755899429321
    ],
    [
      2.8485946655273438,
      -0.37073996663093567,
      0.12332922965288162
    ],
    [
      4.258684158325195,
      -0.4066329598426819,
      0.10183930397033691
    ],
    [
      2.075047016143799,
      0.47300466895103455,
      0.9555082321166992
    ],
    [
      0.7188407182693481,
      0.5449808239936829,
      0.7756738066673279
    ],
    [
      -4.4032301902771,
      0.8235082626342773,
      0.5885606408119202
    ],
    [
      -3.9203546047210693,
      -0.42232900857925415,
      -0.540963888168335
    ],
    [
      -3.8484373092651367,
      1.303328275680542,
      -1.066543459892273
    ],
    [
      -1.709521770477295,
      -0.6893439888954163,
      -1.0629206895828247
    ],
    [
      0.3435564637184143,
      -1.8456439971923828,
      -1.7770142555236816
    ],
    [
      2.7408664226531982,
      -1.865194320678711,
      -1.4052852392196655
    ],
    [
      4.598781585693359,
      -0.02390926517546177,
      0.9505357146263123
    ],
    [
      2.5454037189483643,
      1.0146418809890747,
      1.763260841369629
    ],
    [
      0.18522821366786957,
      1.260776162147522,
      1.3584853410720825
    ]
  ],
  "masses": [
    12.01099967956543,
    12.01099967956543,
    15.99899959564209,
    14.006999969482422,
    12.01099967956543,
    12.01099967956543,
    12.01099967956543,
    12.01099967956543,
    15.99899959564209,
    12.01099967956543,
    12.01099967956543,
    1.0080000162124634,
    1.0080000162124634,
    1.0080000162124634,
    1.0080000162124634,
    1.0080000162124634,
    1.0080000162124634,
    1.0080000162124634,
    1.0080000162124634,
    1.0080000162124634
  ],
  "atomic_numbers": [
    6,
    6,
    8,
    7,
    6,
    6,
    6,
    6,
    8,
    6,
    6,
    1,
    1,
    1,
    1,
    1,
    1,
    1,
    1,
    1
  ],
  "bonds": [
    [
      0,
      1
    ],
    [
      0,
      11
    ],
    [
      0,
      12
    ],
    [
      0,
      13
    ],
    [
      1,
      2
    ],
    [
      1,
      3
    ],
    [
      3,
      4
    ],
    [
      3,
      14
    ],
    [
      4,
      5
    ],
    [
      4,
      10
    ],
    [
      5,
      6
    ],
    [
      5,
      15
    ],
    [
      6,
      7
    ],
    [
      6,
      16
    ],
    [
      7,
      8
    ],
    [
      7,
      9
    ],
    [
      8,
      17
    ],
    [
      9,
      10
    ],
    [
      9,
      18
    ],
    [
      10,
      19
    ]
  ],
  "dihedral_atom_indices": [
    [
      6,
      7,
      8,
      17
    ],
    [
      1,
      3,
      4,
      5
    ]
  ],
  "dihedral_angle_names": [
    "phi",
    "psi"
  ],
  "fs_in_ase_units": 0.09822694788464063,
  "default_timestep_fs": 5.0,
  "default_temperature_K": 500.0
}